City_ID,City,Country,Lat,Lng,Max Temp,Humidity,Cloudiness,Wind Speed,Current Description
0,Leningradskiy,RU,69.3833,178.4167,33.58,84,66,9.42,broken clouds
1,Westport,US,41.1415,-73.3579,65.53,75,0,6.91,clear sky
2,Elko,US,41.0002,-115.5012,53.64,39,0,3.0,clear sky
3,Hobart,AU,-42.8794,147.3294,41.05,75,75,11.5,broken clouds
4,Rosetta,EG,31.4044,30.4164,79.09,68,0,12.5,clear sky
5,Baillif,GP,16.0202,-61.7463,78.3,80,16,11.86,few clouds
6,New Norfolk,AU,-42.7826,147.0587,40.71,82,34,1.99,scattered clouds
7,Provideniya,RU,64.3833,-173.3,45.81,63,71,0.87,broken clouds
8,Qaanaaq,GL,77.484,-69.3632,26.28,94,99,2.64,overcast clouds
9,Faanui,PF,-16.4833,-151.75,79.99,74,51,14.41,light rain
10,Kodiak,US,57.79,-152.4072,49.51,81,100,5.75,overcast clouds
11,Bluff,NZ,-46.6,168.3333,53.8,76,2,13.98,clear sky
12,Svogerslev,DK,55.6342,12.0147,60.8,61,75,8.05,broken clouds
13,Port Elizabeth,ZA,-33.918,25.5701,66.49,48,0,2.3,clear sky
14,Cape Town,ZA,-33.9258,18.4232,79.12,38,0,3.0,clear sky
15,Albany,US,42.6001,-73.9662,65.73,66,93,3.6,overcast clouds
16,Nouadhibou,MR,20.931,-17.0347,69.78,78,100,18.41,overcast clouds
17,Camana,PE,-16.6228,-72.7111,62.04,91,79,6.4,broken clouds
18,Portlethen,GB,57.0547,-2.1307,53.37,79,100,10.36,overcast clouds
19,Ribeira Grande,PT,38.5167,-28.7,64.8,100,75,12.66,fog
20,Hithadhoo,MV,-0.6,73.0833,83.5,65,67,3.56,broken clouds
21,Kristiinankaupunki,FI,62.2743,21.376,54.91,57,69,11.18,broken clouds
22,Kedrovyy,RU,56.1667,91.8167,52.21,49,93,6.33,overcast clouds
23,Los Llanos De Aridane,ES,28.6585,-17.9182,64.15,88,40,13.8,scattered clouds
24,Katiola,CI,8.1333,-5.1,74.7,82,96,2.37,overcast clouds
25,Longyearbyen,SJ,78.2186,15.6401,44.44,61,75,24.16,broken clouds
26,Hermanus,ZA,-34.4187,19.2345,69.04,41,1,7.49,clear sky
27,Salinopolis,BR,-0.6136,-47.3561,75.16,90,84,5.93,broken clouds
28,Rikitea,PF,-23.1203,-134.9692,72.61,63,53,16.11,broken clouds
29,Hilo,US,19.7297,-155.09,77.29,96,12,4.92,few clouds
30,Bethel,US,41.3712,-73.414,64.27,77,0,0.0,clear sky
31,Kavieng,PG,-2.5744,150.7967,81.7,78,100,9.51,light rain
32,Atuona,PF,-9.8,-139.0333,78.12,72,1,15.03,clear sky
33,Arraial Do Cabo,BR,-22.9661,-42.0278,68.25,67,87,6.17,overcast clouds
34,Norman Wells,CA,65.282,-126.8329,51.89,70,100,3.58,overcast clouds
35,Mar Del Plata,AR,-38.0023,-57.5575,49.08,80,0,4.61,clear sky
36,Cabo San Lucas,MX,22.8909,-109.9124,69.51,72,0,7.0,clear sky
37,Vao,NC,-22.6667,167.4833,74.16,74,100,7.99,overcast clouds
38,Termiz,UZ,37.2242,67.2783,98.69,9,0,4.61,clear sky
39,Kapaa,US,22.0752,-159.319,75.18,91,0,10.36,clear sky
40,Teya,RU,60.3778,92.6267,56.17,38,100,8.43,overcast clouds
41,Santa Rosa,PH,14.3122,121.1114,92.01,61,94,5.44,overcast clouds
42,Agadir,MA,30.4202,-9.5982,66.65,65,11,3.8,few clouds
43,Samana,DO,19.2056,-69.3369,75.92,92,95,3.4,overcast clouds
44,Mandan,US,46.8267,-100.8896,51.96,77,100,5.75,overcast clouds
45,Jamestown,US,42.097,-79.2353,69.03,72,75,9.22,broken clouds
46,Chiredzi,ZW,-21.05,31.6667,66.45,51,7,7.16,clear sky
47,Dikson,RU,73.5069,80.5464,31.44,91,47,4.27,scattered clouds
48,Saskylakh,RU,71.9167,114.0833,52.25,54,38,5.21,scattered clouds
49,Bredasdorp,ZA,-34.5322,20.0403,69.35,27,26,5.19,scattered clouds
50,Marquette,US,46.5333,-87.6335,48.78,96,100,6.31,overcast clouds
51,Lagos,NG,6.5833,3.75,79.12,78,31,3.24,scattered clouds
52,Nikolskoye,RU,59.7035,30.7861,65.79,35,9,4.97,clear sky
53,Nemuro,JP,43.3236,145.575,44.94,81,100,14.09,overcast clouds
54,Ola,RU,59.5833,151.2833,64.15,73,84,5.97,broken clouds
55,Gap,FR,44.6667,6.0,59.83,39,50,7.31,scattered clouds
56,Broome,US,42.2506,-75.833,66.69,60,75,7.0,broken clouds
57,Isangel,VU,-19.55,169.2667,74.62,76,81,6.73,broken clouds
58,Gamba,GA,-2.65,10.0,77.43,77,87,4.05,overcast clouds
59,Punta Arenas,CL,-53.15,-70.9167,37.51,65,0,16.11,clear sky
60,Butaritari,KI,3.0707,172.7902,81.73,79,44,14.16,light rain
61,Ushuaia,AR,-54.8,-68.3,44.26,49,40,17.27,scattered clouds
62,Formosa Do Rio Preto,BR,-11.0483,-45.1931,59.67,64,6,1.03,clear sky
63,Kulhudhuffushi,MV,6.6221,73.07,82.63,75,100,11.59,overcast clouds
64,Oisterwijk,NL,51.5792,5.1889,63.16,61,100,11.5,mist
65,Sakakah,SA,29.9697,40.2064,94.14,13,2,5.23,clear sky
66,Esqueda,MX,30.7167,-109.5833,71.11,27,0,4.83,clear sky
67,Busselton,AU,-33.65,115.3333,62.17,50,98,14.32,overcast clouds
68,Inuvik,CA,68.3499,-133.7218,34.47,75,44,13.31,scattered clouds
69,East London,ZA,-33.0153,27.9116,65.34,68,0,3.44,clear sky
70,Mataura,NZ,-46.1927,168.8643,53.47,91,5,3.11,clear sky
71,Temerloh,MY,3.4483,102.4176,91.17,52,63,1.39,broken clouds
72,Vostok,RU,46.4856,135.8833,66.85,47,41,2.73,scattered clouds
73,Qeshm,IR,26.9581,56.2719,105.67,41,0,11.21,clear sky
74,Barrow,US,71.2906,-156.7887,24.82,93,100,16.11,overcast clouds
75,Batagay,RU,67.6333,134.6333,76.14,16,13,8.55,few clouds
76,Castro,BR,-24.7911,-50.0119,56.46,98,100,3.51,overcast clouds
77,Mahebourg,MU,-20.4081,57.7,78.26,78,40,11.5,scattered clouds
78,Vaini,TO,-21.2,-175.2,71.76,73,20,6.91,few clouds
79,Waipawa,NZ,-41.4122,175.5153,55.22,73,100,9.26,overcast clouds
80,Yumen,CN,40.2833,97.2,84.7,10,17,11.43,few clouds
81,Madera,US,37.1666,-119.8343,72.23,49,0,4.16,clear sky
82,Gambo,CF,4.6482,22.2633,81.68,66,98,3.29,overcast clouds
83,Namibe,AO,-15.1961,12.1522,79.74,33,59,9.42,broken clouds
84,San Quintin,MX,30.4833,-115.95,62.74,87,88,8.7,overcast clouds
85,Rio Grande,BR,-32.035,-52.0986,52.95,94,48,7.54,scattered clouds
86,Magadi,IN,12.9667,77.2333,87.76,43,47,8.72,scattered clouds
87,Chokurdakh,RU,70.6333,147.9167,49.57,36,2,15.28,clear sky
88,Saint George,US,37.1041,-113.5841,80.8,26,7,1.01,clear sky
89,Derbent,RU,42.0678,48.2899,71.31,75,100,9.01,overcast clouds
90,Khatanga,RU,71.9667,102.5,57.63,40,55,11.34,broken clouds
91,Omboue,GA,-1.5746,9.2618,78.58,75,62,5.1,broken clouds
92,Upernavik,GL,72.7868,-56.1549,27.86,86,85,5.44,overcast clouds
93,Taman,RU,45.2117,36.7161,71.19,62,100,18.32,overcast clouds
94,Ostersund,SE,63.1792,14.6357,58.6,71,0,9.22,clear sky
95,Half Moon Bay,US,37.4636,-122.4286,59.11,82,0,12.66,clear sky
96,Port Lincoln,AU,-34.7333,135.8667,54.95,66,87,13.47,overcast clouds
97,Yellowknife,CA,62.456,-114.3525,59.52,51,20,8.05,few clouds
98,Ilulissat,GL,69.2167,-51.1,35.62,64,11,6.91,few clouds
99,Puerto Ayora,EC,-0.7393,-90.3518,70.43,88,100,5.88,overcast clouds
100,Pandamatenga,BW,-18.5278,25.627,61.86,51,0,10.74,clear sky
101,Flinders,AU,-34.5833,150.8552,51.39,65,57,17.4,broken clouds
102,Republic,US,37.12,-93.4802,70.84,82,75,5.75,broken clouds
103,Geraldton,AU,-28.7667,114.6,75.61,31,100,19.57,overcast clouds
104,Kasongo,CD,-4.45,26.6667,79.72,41,51,8.25,broken clouds
105,Avarua,CK,-21.2078,-159.775,73.45,88,75,13.8,light rain
106,Lavrentiya,RU,65.5833,-171.0,39.06,77,100,0.67,overcast clouds
107,Esperance,AU,-33.8667,121.9,56.7,68,96,9.04,overcast clouds
108,Hirado,JP,33.3597,129.5531,70.39,73,86,18.21,overcast clouds
109,Atambua,ID,-9.1061,124.8925,81.19,64,25,0.76,scattered clouds
110,Beloha,MG,-25.1667,45.05,74.1,58,49,13.11,scattered clouds
111,Horsham,GB,51.064,-0.3272,62.31,87,75,2.3,broken clouds
112,Stornoway,GB,58.2093,-6.3865,57.04,71,20,6.91,few clouds
113,Launceston,AU,-41.45,147.1667,43.16,68,75,6.91,broken clouds
114,Bobcaygeon,CA,44.5462,-78.542,61.88,99,100,10.04,overcast clouds
115,Ahipara,NZ,-35.1667,173.1667,61.05,95,98,9.53,overcast clouds
116,Kushima,JP,31.4583,131.2333,73.69,71,100,7.23,overcast clouds
117,San Vicente,AR,-26.6167,-54.1333,57.52,100,100,2.93,overcast clouds
118,Santa Cruz,BO,-17.8,-63.1667,63.86,88,75,11.5,light rain
119,Prince Rupert,CA,54.3161,-130.3201,51.96,83,97,4.94,overcast clouds
120,Grindavik,IS,63.8424,-22.4338,50.47,93,75,23.02,broken clouds
121,Biak,ID,-0.9131,122.8766,79.74,82,100,4.38,overcast clouds
122,Chuy,UY,-33.6971,-53.4616,48.51,92,3,3.78,clear sky
123,Sulmona,IT,42.0479,13.9291,86.22,45,8,3.83,clear sky
124,Segezha,RU,63.7415,34.3222,56.28,47,15,4.72,few clouds
125,Touros,BR,-5.1989,-35.4608,72.39,92,43,9.71,scattered clouds
126,Katsuura,JP,35.1333,140.3,62.55,85,100,19.84,overcast clouds
127,Victoria,HK,22.2855,114.1577,86.38,82,100,8.99,overcast clouds
128,Banda Aceh,ID,5.5577,95.3222,85.69,66,100,8.3,moderate rain
129,Yarmouth,US,41.7057,-70.2286,63.0,87,0,6.91,clear sky
130,Kaeo,NZ,-35.1,173.7833,62.33,96,96,7.83,overcast clouds
131,Nuuk,GL,64.1835,-51.7216,41.61,60,0,2.3,clear sky
132,Alugan,PH,12.2188,125.4808,83.37,79,100,1.57,overcast clouds
133,Wajima,JP,37.4,136.9,61.48,94,75,5.75,mist
134,Egvekinot,RU,66.3167,-179.1667,45.43,53,93,3.2,overcast clouds
135,Saint-Philippe,RE,-21.3585,55.7679,80.19,73,75,10.04,broken clouds
136,Kijang,KR,35.2442,129.2139,64.33,71,55,14.85,broken clouds
137,Nanlong,CN,31.3533,106.0631,91.35,42,75,6.02,broken clouds
138,Cutro,IT,39.0353,16.9819,80.65,38,0,7.07,clear sky
139,Barguzin,RU,53.6167,109.6167,53.08,88,100,8.32,light rain
140,Carbonia,IT,39.1672,8.5222,77.65,29,34,8.32,scattered clouds
141,Labuhan,ID,-6.8844,112.2051,85.84,70,100,10.65,overcast clouds
142,Foumbot,CM,5.5079,10.6356,70.43,84,94,1.7,overcast clouds
143,Dabou,CI,5.3256,-4.3769,78.4,83,100,2.17,overcast clouds
144,Lebu,CL,-37.6167,-73.65,52.65,94,100,15.23,overcast clouds
145,Presidencia Roque Saenz Pena,AR,-26.7852,-60.4388,51.93,97,1,3.6,clear sky
146,Northam,GB,51.0333,-4.2167,61.39,90,100,5.55,overcast clouds
147,Ayan,RU,56.45,138.1667,43.0,84,32,7.72,scattered clouds
148,Drovyanaya,RU,51.5833,113.0333,74.52,29,90,1.81,overcast clouds
149,Fort Collins,US,40.5853,-105.0844,60.96,78,0,12.66,clear sky
150,Shanghai,CN,31.2222,121.4581,84.92,61,0,11.18,clear sky
151,Sambava,MG,-14.2667,50.1667,77.34,72,54,14.07,light rain
152,Georgetown,MY,5.4112,100.3354,85.93,70,20,8.05,few clouds
153,Otane,NZ,-39.8833,176.6333,60.01,83,100,7.65,light rain
154,Kokopo,PG,-4.352,152.2633,79.5,79,28,2.21,light rain
155,Constitucion,CL,-35.3333,-72.4167,50.81,83,100,3.83,overcast clouds
156,Mirebalais,HT,18.8333,-72.1053,77.72,90,94,5.17,overcast clouds
157,Pacific Grove,US,36.6177,-121.9166,55.08,88,0,6.91,clear sky
158,Tasiilaq,GL,65.6145,-37.6368,39.36,67,100,3.89,overcast clouds
159,Bathsheba,BB,13.2167,-59.5167,81.21,83,20,18.41,few clouds
160,Pevek,RU,69.7008,170.3133,34.16,84,33,7.34,scattered clouds
161,Pisco,PE,-13.7,-76.2167,62.02,93,50,7.74,scattered clouds
162,Naze,JP,28.3667,129.4833,71.67,77,100,6.35,overcast clouds
163,Dubai,AE,25.2582,55.3047,96.82,42,0,10.78,clear sky
164,Eidsvag,NO,62.7767,8.0668,55.45,61,23,5.03,few clouds
165,Tucupita,VE,9.0622,-62.051,71.13,99,78,2.98,broken clouds
166,Zhigansk,RU,66.7697,123.3711,66.42,57,27,5.32,light rain
167,Altay,CN,47.8667,88.1167,67.19,30,86,12.82,overcast clouds
168,Najran,SA,17.4924,44.1277,93.4,8,11,9.37,few clouds
169,Roma,US,43.2128,-75.4557,69.82,54,100,9.22,overcast clouds
170,Kahului,US,20.8947,-156.47,76.84,73,0,9.22,clear sky
171,Colombo,LK,6.9319,79.8478,84.15,82,89,13.44,overcast clouds
172,Pahrump,US,36.2083,-115.9839,82.26,26,13,4.0,few clouds
173,Guilin,CN,25.2819,110.2864,87.91,62,71,9.33,broken clouds
174,Sivaki,RU,52.6333,126.75,82.17,22,10,1.41,clear sky
175,Carnarvon,AU,-24.8667,113.6333,79.92,49,100,11.72,overcast clouds
176,Great Yarmouth,GB,52.6083,1.7305,62.08,76,99,9.69,overcast clouds
177,Noumea,NC,-22.2763,166.4572,77.0,99,65,3.8,broken clouds
178,Dunedin,NZ,-45.8742,170.5036,58.8,44,100,8.99,overcast clouds
179,Makakilo City,US,21.3469,-158.0858,76.57,69,1,10.63,clear sky
180,Manzanillo,CU,20.3433,-77.1167,76.06,80,98,2.89,overcast clouds
181,Motihari,IN,26.65,84.9167,108.63,19,15,1.97,few clouds
182,Bambous Virieux,MU,-20.3428,57.7575,77.22,78,40,11.5,light rain
183,Champerico,GT,14.3,-91.9167,77.16,82,100,7.87,overcast clouds
184,Quelimane,MZ,-17.8786,36.8883,66.88,98,100,3.29,moderate rain
185,Fare,PF,-16.7,-151.0167,79.57,76,13,16.64,light rain
186,Ponta Do Sol,PT,32.6667,-17.1,70.0,79,35,1.19,scattered clouds
187,Pangnirtung,CA,66.1451,-65.7125,32.36,79,14,2.91,few clouds
188,Pimentel,PE,-6.8367,-79.9342,63.23,85,91,9.26,overcast clouds
189,Bodajk,HU,47.3235,18.2331,74.95,57,5,3.2,clear sky
190,Olafsvik,IS,64.8945,-23.7142,49.19,90,100,13.27,overcast clouds
191,Paamiut,GL,61.994,-49.6678,39.63,79,22,8.3,few clouds
192,Cherskiy,RU,68.75,161.3,47.19,45,55,14.03,broken clouds
193,Maragogi,BR,-9.0122,-35.2225,73.27,91,68,7.2,broken clouds
194,Sahuaripa,MX,29.05,-109.2333,76.84,39,12,5.73,few clouds
195,Khandyga,RU,62.6667,135.6,76.01,28,1,11.1,clear sky
196,San Patricio,US,28.017,-97.5169,82.89,77,90,17.69,overcast clouds
197,Ostrovnoy,RU,68.0531,39.5131,45.12,82,97,1.74,overcast clouds
198,Namatanai,PG,-3.6667,152.4333,80.53,80,86,7.65,light rain
199,Honningsvag,NO,70.9821,25.9704,47.95,53,20,17.27,few clouds
200,Riberalta,BO,-10.9833,-66.1,71.4,91,39,2.19,scattered clouds
201,Hotaka,JP,36.3396,137.8825,61.3,79,76,1.79,broken clouds
202,Okahandja,NA,-21.9833,16.9167,58.84,40,0,21.05,clear sky
203,Faya,SA,18.3851,42.4509,86.52,10,34,9.66,scattered clouds
204,Trincomalee,LK,8.5711,81.2335,90.63,53,100,14.94,moderate rain
205,Korla,CN,41.7597,86.1469,90.0,13,33,12.77,scattered clouds
206,Ketchikan,US,55.3422,-131.6461,52.27,82,100,6.91,light rain
207,Ordubad,AZ,38.9059,46.0234,84.13,33,3,7.87,clear sky
208,Allen,US,41.0706,-85.0144,66.9,94,100,8.05,overcast clouds
209,Byron Bay,AU,-28.65,153.6167,55.71,59,5,5.14,clear sky
210,Black Diamond,US,47.3087,-122.0032,52.39,87,3,1.01,clear sky
211,Saint-Augustin,CA,51.226,-58.6502,40.28,73,0,6.76,clear sky
212,Kurilsk,RU,45.2333,147.8833,44.4,79,41,5.7,scattered clouds
213,Aksha,RU,50.2814,113.2867,73.13,29,75,2.89,broken clouds
214,Tupik,RU,54.4253,119.9327,73.56,41,91,5.99,overcast clouds
215,Scottsbluff,US,41.8666,-103.6672,59.29,85,75,9.22,broken clouds
216,Cidreira,BR,-30.1811,-50.2056,61.52,93,100,7.63,overcast clouds
217,Bereda,ES,43.2686,-7.5406,59.58,69,98,4.25,overcast clouds
218,Brasileia,BR,-11.0161,-68.7481,74.37,79,85,2.13,overcast clouds
219,Kremenki,RU,54.885,37.1261,65.01,37,6,8.7,clear sky
220,Aguimes,ES,27.9054,-15.4461,66.83,64,20,26.46,few clouds
221,Kirakira,SB,-10.4544,161.9205,80.38,81,76,11.03,broken clouds
222,Okhotsk,RU,59.3833,143.3,49.82,90,100,3.02,overcast clouds
223,Karratha,AU,-20.7377,116.8463,78.33,38,6,15.52,clear sky
224,Rach Gia,VN,10.0167,105.0833,86.43,70,97,16.24,overcast clouds
225,Thompson,CA,55.7435,-97.8558,42.89,72,36,4.97,scattered clouds
226,Homer,US,59.6425,-151.5483,55.04,90,100,4.0,overcast clouds
227,Akhaldaba,GE,41.654,42.1516,64.96,82,98,3.09,light rain
228,Souillac,MU,-20.5167,57.5167,75.58,78,40,11.5,light rain
229,Goderich,CA,43.7501,-81.7165,63.91,100,100,8.81,light rain
230,Ishim,RU,56.1128,69.4902,65.3,62,100,12.91,overcast clouds
231,Suntar,RU,62.1444,117.6319,76.51,34,8,4.47,clear sky
232,Vila Velha,BR,-20.3297,-40.2925,60.94,89,0,1.14,clear sky
233,Villa Maria,AR,-32.4075,-63.2402,46.18,78,0,7.94,clear sky
234,Avera,US,33.194,-82.5271,68.05,89,64,4.38,broken clouds
235,Nizwa,OM,22.9333,57.5333,103.1,12,0,6.98,clear sky
236,Dali,CN,25.7,100.1833,68.83,75,100,3.49,overcast clouds
237,Skibbereen,IE,51.55,-9.2667,56.1,88,91,6.33,overcast clouds
238,Necochea,AR,-38.5473,-58.7368,50.18,66,100,9.84,overcast clouds
239,Gavrilovka Vtoraya,RU,52.877,42.7663,63.9,52,1,16.8,clear sky
240,Salalah,OM,17.0151,54.0924,86.23,65,100,10.0,overcast clouds
241,Praia,CV,14.9215,-23.5087,72.14,78,75,9.22,broken clouds
242,Coquimbo,CL,-29.9533,-71.3436,55.04,81,0,5.88,clear sky
243,Lisieux,FR,49.1667,0.1667,63.16,89,61,11.39,broken clouds
244,Sumner,US,36.4998,-86.45,70.75,97,75,0.0,broken clouds
245,Kaitangata,NZ,-46.2817,169.8464,48.4,79,67,5.37,broken clouds
246,Zheleznodorozhnyy,RU,55.7503,38.0042,63.55,38,39,9.13,scattered clouds
247,Bud,US,39.447,-86.1758,66.67,96,86,5.03,overcast clouds
248,Kawalu,ID,-7.3817,108.2082,84.38,63,99,4.9,overcast clouds
249,Gillette,US,44.2911,-105.5022,50.05,91,95,4.25,overcast clouds
250,Kemijarvi,FI,66.7131,27.4306,57.92,52,65,9.28,broken clouds
251,Fortuna,US,40.5982,-124.1573,50.94,91,100,4.61,overcast clouds
252,Tynda,RU,55.1667,124.7167,78.87,34,12,6.96,few clouds
253,Tuktoyaktuk,CA,69.4541,-133.0374,30.15,88,27,9.22,scattered clouds
254,Dzaoudzi,YT,-12.7887,45.2699,85.89,62,75,10.36,broken clouds
255,Sovetskiy,RU,61.3614,63.5842,64.26,28,13,10.13,few clouds
256,Petropavlovsk-Kamchatskiy,RU,53.0452,158.6483,46.17,81,24,7.38,few clouds
257,Sao Paulo De Olivenca,BR,-3.3783,-68.8725,70.61,99,100,1.74,overcast clouds
258,Tigil,RU,57.8,158.6667,53.71,65,91,7.76,overcast clouds
259,Sandakan,MY,5.8402,118.1179,86.32,62,39,5.66,scattered clouds
260,Cervo,ES,43.6702,-7.4101,65.97,66,100,5.14,overcast clouds
261,Sitka,US,57.0531,-135.33,51.69,87,75,4.61,broken clouds
262,Port Alfred,ZA,-33.5906,26.891,65.17,70,4,4.85,clear sky
263,Areosa,PT,41.7178,-8.8571,64.85,73,26,3.13,scattered clouds
264,San Cristobal,VE,7.7669,-72.225,65.16,95,62,2.8,broken clouds
265,Changde,CN,29.0464,111.6783,91.33,52,31,7.58,scattered clouds
266,Husavik,IS,66.0449,-17.3389,49.14,77,99,2.71,overcast clouds
267,Whitehorse,CA,60.7161,-135.0538,49.01,84,100,13.8,overcast clouds
268,Tura,IN,25.5198,90.2201,87.42,64,99,5.55,overcast clouds
269,Kyshtovka,RU,56.555,76.6271,64.09,52,94,4.0,light rain
270,Shaowu,CN,27.3409,117.4831,81.64,71,92,5.37,overcast clouds
271,Hambantota,LK,6.1241,81.1185,86.05,65,100,20.85,overcast clouds
272,Levokumskoye,RU,44.8219,44.6606,79.56,35,95,8.99,overcast clouds
273,Tuatapere,NZ,-46.1333,167.6833,49.26,82,4,6.6,clear sky
274,Airai,TL,-8.9266,125.4092,69.21,66,38,3.29,scattered clouds
275,Alakurtti,RU,66.9672,30.3491,60.37,35,15,9.66,few clouds
276,Caravelas,BR,-17.7125,-39.2481,62.85,91,68,4.21,broken clouds
277,Praya,CV,14.9215,-23.5087,72.14,78,75,9.22,broken clouds
278,Ottumwa,US,41.02,-92.4113,64.94,94,100,5.75,overcast clouds
279,Severo-Kurilsk,RU,50.6789,156.125,45.5,85,98,3.15,overcast clouds
280,Larap,PH,14.299,122.6504,88.68,61,39,2.13,scattered clouds
281,Asau,RO,46.4333,26.4,72.52,52,35,6.51,scattered clouds
282,Hasaki,JP,35.7333,140.8333,64.29,86,100,22.77,overcast clouds
283,Klaksvik,FO,62.2266,-6.589,49.12,77,98,10.58,overcast clouds
284,Hot Springs,US,34.5037,-93.0552,74.35,94,100,0.0,overcast clouds
285,Chapleau,CA,47.8405,-83.4034,48.24,96,98,5.44,overcast clouds
286,Lumphat,KH,13.4878,106.9816,85.98,79,100,4.85,overcast clouds
287,Gat,IL,31.61,34.7642,85.41,16,21,9.53,few clouds
288,Payo,ID,-3.7508,103.6372,90.37,50,24,3.27,few clouds
289,Aksarka,RU,66.5606,67.7975,66.72,28,86,12.44,overcast clouds
290,Bol,TD,13.4586,14.7147,84.74,48,4,1.72,clear sky
291,Comodoro Rivadavia,AR,-45.8667,-67.5,42.66,93,100,4.61,light rain
292,Kasongo-Lunda,CD,-6.4667,16.8167,77.27,41,89,5.46,overcast clouds
293,Balikpapan,ID,-1.2675,116.8289,78.42,86,100,2.24,overcast clouds
294,Luderitz,NA,-26.6481,15.1594,74.3,28,0,23.15,clear sky
295,Tiksi,RU,71.6872,128.8694,45.09,78,100,10.45,overcast clouds
296,Lagoa Vermelha,BR,-28.2086,-51.5258,54.93,99,100,3.04,overcast clouds
297,La Ronge,CA,55.1001,-105.2842,50.23,67,71,3.22,broken clouds
298,Willmar,US,45.1219,-95.0433,62.55,60,100,5.75,light rain
299,Octeville,FR,49.6261,-1.6435,57.69,94,100,14.97,overcast clouds
300,Dayong,CN,25.0209,118.2898,73.26,99,100,5.48,light rain
301,Codrington,AU,-38.2667,141.9667,51.17,67,100,17.76,overcast clouds
302,Torbay,CA,47.6666,-52.7314,39.58,87,41,15.01,scattered clouds
303,Cerritos,US,33.8583,-118.0648,69.64,87,100,6.91,overcast clouds
304,Broken Hill,AU,-31.95,141.4333,51.89,70,65,10.09,broken clouds
305,Livingston,GB,55.9029,-3.5226,55.47,76,40,11.5,scattered clouds
306,Port Augusta,AU,-32.5,137.7667,55.0,72,71,13.35,broken clouds
307,Zhob,PK,31.3411,69.4481,93.97,6,2,3.06,clear sky
308,Chapais,CA,49.7834,-74.8492,56.98,80,100,5.48,overcast clouds
309,Srednekolymsk,RU,67.45,153.6833,47.8,40,47,14.52,scattered clouds
310,Sisian,AM,39.5256,46.0251,72.12,48,53,5.99,light rain
311,Richards Bay,ZA,-28.783,32.0377,69.67,54,0,2.26,clear sky
312,Lata,PT,40.1629,-8.3327,67.82,66,24,4.63,few clouds
313,Alofi,NU,-19.0595,-169.9187,77.38,75,17,12.95,few clouds
314,Mitsamiouli,KM,-11.3847,43.2844,80.22,65,18,6.96,few clouds
315,Manggar,ID,-2.8833,108.2667,84.04,68,100,6.78,overcast clouds
316,Nome,US,64.5011,-165.4064,66.27,43,0,9.22,clear sky
317,Poum,NC,-20.2333,164.0167,77.18,73,70,16.11,broken clouds
318,Kouango,CF,4.9934,19.9619,81.0,71,73,4.38,broken clouds
319,Lompoc,US,34.6391,-120.4579,55.29,83,100,20.0,overcast clouds
320,Laguna,US,38.421,-121.4238,69.31,69,0,5.75,clear sky
321,Portoferraio,IT,42.8115,10.3146,78.69,73,0,3.44,clear sky
322,Manaus,BR,-3.1019,-60.025,73.9,94,0,2.3,clear sky
323,Laishevo,RU,55.4046,49.5504,61.02,89,100,21.39,overcast clouds
324,Shimoda,JP,34.6667,138.95,62.1,86,98,14.09,overcast clouds
325,Baiquan,CN,47.5833,126.0833,74.39,32,100,6.29,overcast clouds
326,Ovsyanka,RU,55.9575,92.5519,54.57,49,96,6.15,overcast clouds
327,Maceio,BR,-9.6658,-35.7353,71.04,94,75,2.3,broken clouds
328,Barra Patuca,HN,15.8,-84.2833,78.37,89,100,9.1,overcast clouds
329,Shache,CN,38.4167,77.2406,89.49,15,26,4.74,scattered clouds
330,Albion,US,42.2431,-84.753,66.24,96,100,0.0,light intensity drizzle
331,Nanortalik,GL,60.1432,-45.2371,39.13,93,100,4.45,overcast clouds
332,Sandpoint,US,48.2766,-116.5533,52.72,92,75,0.0,broken clouds
333,Luganville,VU,-15.5333,167.1667,78.75,75,30,10.29,scattered clouds
334,Usinsk,RU,65.9939,57.5281,68.88,27,9,4.97,clear sky
335,Embu,BR,-23.6489,-46.8522,62.11,90,100,3.11,overcast clouds
336,Dubbo,AU,-32.25,148.6167,50.13,71,81,9.22,broken clouds
337,Bengkulu,ID,-3.8004,102.2655,83.59,74,88,4.41,moderate rain
338,Varniai,LT,55.7406,22.3644,58.51,93,100,9.01,overcast clouds
339,Holme,DK,56.1138,10.1725,58.57,86,100,10.92,overcast clouds
340,Danane,CI,7.2596,-8.155,71.01,97,100,0.16,overcast clouds
341,Pakxan,LA,18.3778,103.6601,85.19,74,97,6.8,overcast clouds
342,Ust-Tsilma,RU,65.441,52.1498,68.29,39,100,6.2,overcast clouds
343,Turukhansk,RU,65.8167,87.9833,51.35,31,71,9.28,broken clouds
344,Morehead,US,37.2711,-87.1764,68.99,97,100,0.0,overcast clouds
345,Suzun,RU,53.7841,82.3116,68.9,31,71,6.46,broken clouds
346,Wilmington,US,34.2257,-77.9447,75.85,77,0,3.44,clear sky
347,Tres Palos,MX,18.1833,-101.6167,72.72,94,100,3.36,overcast clouds
348,Colares,PT,38.7992,-9.4469,69.46,68,20,11.99,few clouds
349,Bodden Town,KY,19.2833,-81.25,81.0,80,34,8.01,scattered clouds
350,Poindimie,NC,-20.9333,165.3333,73.35,81,41,5.64,scattered clouds
351,Naryan-Mar,RU,67.6713,53.087,74.25,23,3,7.36,clear sky
352,Taiobeiras,BR,-15.8078,-42.2331,48.78,94,53,2.17,broken clouds
353,Carutapera,BR,-1.195,-46.02,72.05,97,60,4.14,broken clouds
354,Iqaluit,CA,63.7506,-68.5145,32.7,78,98,11.99,overcast clouds
355,Buta,CD,2.7858,24.73,84.94,54,95,2.66,overcast clouds
356,Penzance,GB,50.1186,-5.5371,60.12,100,40,9.22,scattered clouds
357,Fort Saint James,CA,54.4333,-124.25,46.29,71,7,3.49,clear sky
358,Ati,TD,13.2154,18.3353,98.38,10,1,14.43,clear sky
359,Bandarbeyla,SO,9.4942,50.8122,91.18,46,100,24.72,overcast clouds
360,Port Macquarie,AU,-31.4333,152.9167,54.34,61,4,8.99,clear sky
361,Impfondo,CG,1.6381,18.0667,79.48,78,73,1.21,light rain
362,Talcahuano,CL,-36.7167,-73.1167,51.51,86,87,9.84,overcast clouds
363,Chamba,IN,32.5667,76.1333,98.56,13,60,9.8,broken clouds
364,Mandalgovi,MN,45.7625,106.2708,63.43,33,19,14.52,few clouds
365,Vila Vicosa,PT,38.7777,-7.4179,68.68,59,12,6.46,few clouds
366,Nara,JP,34.6851,135.8049,73.49,41,58,9.4,broken clouds
367,Coihaique,CL,-45.5752,-72.0662,35.55,93,75,5.75,broken clouds
368,Mount Pleasant,US,32.7941,-79.8626,73.99,93,40,1.01,scattered clouds
369,Bitung,ID,1.4451,125.1824,76.05,74,35,5.55,scattered clouds
370,Port Blair,IN,11.6667,92.75,78.84,83,100,8.05,drizzle
371,Altamira,BR,-3.2033,-52.2064,67.96,99,88,0.78,overcast clouds
372,Chunskiy,RU,56.0815,99.6342,53.15,51,100,11.32,overcast clouds
373,Rawson,AR,-43.3002,-65.1023,55.2,64,100,15.84,overcast clouds
374,Rundu,NA,-17.9333,19.7667,61.54,37,0,12.3,clear sky
375,Hemsedal,NO,60.8629,8.5534,63.16,51,100,4.85,overcast clouds
376,Champoton,MX,19.35,-90.7167,77.72,86,100,6.98,overcast clouds
377,Chisec,GT,15.8167,-90.2833,72.93,98,100,1.95,overcast clouds
378,Vyazemskiy,RU,47.5378,134.7525,73.38,56,0,4.52,clear sky
379,Pangascasan,PH,16.1169,120.0866,87.49,63,98,8.01,light rain
380,Brae,GB,60.3964,-1.353,51.15,71,100,15.86,overcast clouds
381,Genhe,CN,50.7833,121.5167,79.05,16,98,6.87,overcast clouds
382,Mandali,IQ,33.7499,45.5541,112.1,6,100,3.78,overcast clouds
383,Karasburg,NA,-28.0167,18.75,63.32,31,0,11.74,clear sky
384,Anderson,US,34.5334,-82.6499,70.34,85,75,0.0,broken clouds
385,Sao Joao Da Barra,BR,-21.6403,-41.0511,64.89,70,56,10.58,broken clouds
386,Chaadayevka,RU,53.1427,45.9122,63.52,58,14,18.23,few clouds
387,Coruripe,BR,-10.1256,-36.1756,73.35,86,64,8.41,broken clouds
388,Marzuq,YE,14.4,46.4667,93.61,14,35,5.06,scattered clouds
389,Luanda,AO,-8.8368,13.2343,74.62,66,100,7.74,overcast clouds
390,Francistown,BW,-21.17,27.5079,60.03,49,0,16.04,clear sky
391,Paita,PE,-5.0892,-81.1144,64.42,80,87,9.01,overcast clouds
392,Manta,EC,-0.95,-80.7333,71.06,90,94,4.32,overcast clouds
393,Kiama,AU,-34.6833,150.8667,55.99,65,61,8.99,broken clouds
394,Mayumba,GA,-3.432,10.6554,76.46,80,89,3.33,overcast clouds
395,Alexandria,EG,31.2156,29.9553,79.83,65,0,11.21,clear sky
396,Tilichiki,RU,60.4667,166.1,43.65,84,100,9.13,overcast clouds
397,Ginir,ET,7.1333,40.7,69.26,60,35,6.76,moderate rain
398,Ugoofaaru,MV,5.6667,73.0,82.67,73,100,11.39,overcast clouds
399,Tukrah,LY,32.5341,20.5791,81.16,58,0,8.19,clear sky
400,Axim,GH,4.8699,-2.2405,79.11,77,100,2.77,overcast clouds
401,Mashhad,IR,36.297,59.6062,91.54,19,0,6.91,clear sky
402,Bria,CF,6.5423,21.9863,80.1,66,91,4.85,overcast clouds
403,Otradnoye,RU,59.7775,30.8181,66.04,35,9,5.32,clear sky
404,Bilibino,RU,68.0546,166.4372,45.12,47,70,16.11,broken clouds
405,Tazovskiy,RU,67.4667,78.7,46.08,50,100,11.5,overcast clouds
406,Prince George,CA,53.9166,-122.753,52.63,65,100,1.99,overcast clouds
407,Qaqortoq,GL,60.7167,-46.0333,39.92,89,100,3.71,overcast clouds
408,Sorong,ID,-0.8833,131.25,83.05,76,9,9.13,clear sky
409,Saint-Pierre,RE,-21.3393,55.4781,80.28,57,0,20.71,clear sky
410,Mehamn,NO,71.0357,27.8492,44.51,64,85,18.5,overcast clouds
411,Pedana,IN,16.2667,81.1667,104.18,46,97,9.31,overcast clouds
412,Smolensk,RU,55.0,33.0,66.9,47,100,1.63,overcast clouds
413,Little Current,CA,45.9793,-81.9248,55.42,100,100,2.42,overcast clouds
414,Bubaque,GW,11.2833,-15.8333,77.83,80,83,15.08,broken clouds
415,Buala,SB,-8.145,159.5921,80.76,80,8,7.25,clear sky
416,Ewa Beach,US,21.3156,-158.0072,76.98,69,0,9.22,clear sky
417,Ayagoz,KZ,47.9714,80.4392,70.5,27,75,9.71,broken clouds
418,Portland,US,45.5234,-122.6762,54.25,88,33,1.99,scattered clouds
419,Luebo,CD,-5.35,21.4167,81.18,35,93,4.88,overcast clouds
420,Ngama,TD,11.7833,17.1667,95.86,21,1,5.88,clear sky
421,Pedasi,PA,7.5333,-80.0333,74.07,82,88,3.94,overcast clouds
422,Sandwick,GB,60.0,-1.25,49.82,87,75,18.41,broken clouds
423,Kruisfontein,ZA,-34.0033,24.7314,67.24,33,7,5.12,clear sky
424,Ilebo,CD,-4.3167,20.5833,81.64,39,100,5.55,overcast clouds
425,Koslan,RU,63.4564,48.8989,63.55,65,99,6.6,light rain
426,Champagnole,FR,46.7445,5.9135,63.55,89,97,3.58,overcast clouds
427,Kiunga,PG,-6.1219,141.2906,82.94,75,89,2.8,overcast clouds
428,Stabat,ID,3.761,98.4513,86.2,81,100,1.12,overcast clouds
429,Leshukonskoye,RU,64.8989,45.7622,59.83,64,89,6.24,overcast clouds
430,Hastings,GB,50.8552,0.5729,60.98,86,87,4.76,overcast clouds
431,Aswan,EG,24.0934,32.907,97.97,16,0,13.67,clear sky
432,Basco,PH,20.4487,121.9702,84.58,77,82,15.59,broken clouds
433,Santo Amaro Da Imperatriz,BR,-27.6881,-48.7786,67.8,98,100,3.38,light rain
434,Umm Lajj,SA,25.0213,37.2685,88.12,53,0,16.4,clear sky
435,Waddan,LY,29.1614,16.139,89.28,22,0,5.93,clear sky
436,Shenjiamen,CN,29.9576,122.298,70.2,82,99,12.21,overcast clouds
437,Shestakovo,RU,56.4915,103.96,46.99,88,100,5.19,light rain
438,Ambulu,ID,-8.345,113.6058,84.88,76,92,6.24,overcast clouds
439,The Pas,CA,53.8251,-101.2541,46.9,59,60,4.65,broken clouds
440,Kontagora,NG,10.3999,5.4695,78.64,64,100,4.45,overcast clouds
441,Warrnambool,AU,-38.3833,142.4833,48.81,67,100,20.45,overcast clouds
442,College,US,64.8569,-147.8028,62.92,42,75,8.05,broken clouds
443,Awbari,LY,26.5921,12.7805,89.4,17,0,8.19,clear sky
444,San Carlos Del Zulia,VE,9.0,-71.9135,72.28,97,48,4.94,scattered clouds
445,Roros,NO,62.5747,11.3842,53.44,43,0,4.61,clear sky
446,Kabanjahe,ID,3.1001,98.4908,71.33,83,100,2.1,overcast clouds
447,Kholodnyy,RU,62.7167,147.95,54.05,38,92,20.47,overcast clouds
448,Mao,ES,39.8885,4.2658,77.56,53,0,16.11,clear sky
449,Adrar,MR,20.5022,-10.0711,88.47,10,5,10.22,clear sky
450,Saldanha,ZA,-33.0117,17.9442,71.83,36,0,20.8,clear sky
451,Verkhoyansk,RU,67.5447,133.385,78.33,18,28,9.6,scattered clouds
452,Haines Junction,CA,60.7522,-137.5108,42.01,95,100,5.23,moderate rain
453,Lanzhou,CN,36.0564,103.7922,81.39,24,100,6.35,overcast clouds
454,Atar,MR,20.5169,-13.0499,89.26,21,72,22.12,broken clouds
455,Skelleftea,SE,64.7507,20.9528,66.99,37,0,11.5,clear sky
456,Rantauprapat,ID,2.1,99.8333,84.13,76,97,3.58,overcast clouds
457,Marawi,PH,7.9986,124.2928,75.83,88,79,2.89,broken clouds
458,Zarand,IR,30.8127,56.564,89.74,10,0,4.12,clear sky
459,Amapa,BR,1.0,-52.0,68.99,100,100,1.03,overcast clouds
460,Svetlaya,RU,46.5389,138.3297,53.01,67,0,5.86,clear sky
461,Ponta Delgada,PT,37.7333,-25.6667,65.12,100,100,11.5,light intensity drizzle
462,Tateyama,JP,34.9833,139.8667,67.1,81,100,15.41,overcast clouds
463,Cavalcante,BR,-13.7975,-47.4583,59.29,52,36,3.31,scattered clouds
464,Bin Qirdan,TN,33.1378,11.2197,92.3,23,82,6.35,broken clouds
465,Shelburne,CA,44.0787,-80.2041,62.6,99,100,13.44,overcast clouds
466,Wufeng,CN,27.45,104.8333,67.95,55,100,7.72,overcast clouds
467,Pascagoula,US,30.3658,-88.5561,80.64,95,0,0.0,clear sky
468,Omsukchan,RU,62.5333,155.8,50.74,36,88,13.2,overcast clouds
469,Valparaiso,CL,-33.0393,-71.6273,55.47,86,75,2.3,broken clouds
470,Fort Nelson,CA,58.8053,-122.7002,50.34,95,95,2.15,overcast clouds
471,Yelizavetino,RU,59.4916,29.7938,61.36,36,8,2.19,clear sky
472,Talnakh,RU,69.4865,88.3972,43.21,55,100,17.85,overcast clouds
473,Mokhsogollokh,RU,61.4681,128.9203,80.15,38,48,9.42,scattered clouds
474,Oranjemund,NA,-28.55,16.4333,71.56,28,0,21.25,clear sky
475,Charters Towers,AU,-20.1,146.2667,72.09,55,21,10.2,few clouds
476,Saint-Francois,FR,46.4154,3.9054,62.67,77,75,6.91,broken clouds
477,Hami,CN,42.8,93.45,87.51,14,83,22.39,broken clouds
478,Pangai,TO,-19.8,-174.35,75.92,65,0,17.18,clear sky
479,Mattru,SL,7.6244,-11.8332,74.59,95,97,1.92,overcast clouds
480,San Ramon,US,37.7799,-121.978,60.75,81,0,6.91,clear sky
481,Te Anau,NZ,-45.4167,167.7167,49.51,87,98,7.74,moderate rain
482,Nishihara,JP,26.1842,127.7558,76.68,83,75,13.8,broken clouds
483,Dubno,UA,50.4169,25.7343,71.02,59,95,10.67,overcast clouds
484,Santana Do Acarau,BR,-3.4606,-40.2122,70.0,96,51,4.16,broken clouds
485,Campo Verde,BR,-20.4167,-54.0667,68.63,65,84,5.17,broken clouds
486,Port-Cartier,CA,50.0334,-66.8654,50.76,58,7,8.37,clear sky
487,Cartagena Del Chaira,CO,1.3349,-74.8429,69.67,99,79,0.94,broken clouds
488,Yerofey Pavlovich,RU,53.9667,121.9667,83.05,22,86,1.41,overcast clouds
489,Praia Da Vitoria,PT,38.7333,-27.0667,64.76,100,96,10.18,overcast clouds
490,Warri,NG,5.5167,5.75,81.27,75,100,5.39,overcast clouds
491,Yola,NG,9.2,12.4833,87.89,53,12,10.74,few clouds
492,Eyl,SO,7.9803,49.8164,90.84,45,100,28.45,overcast clouds
493,Smithers,CA,54.7804,-127.1743,44.38,90,7,3.13,clear sky
494,Cayenne,GF,4.9333,-52.3333,74.08,1,100,0.0,fog
495,Betsiamites,CA,48.9413,-68.646,48.87,86,5,2.17,clear sky
496,Kutoarjo,ID,-7.7169,109.9128,85.53,74,50,8.66,scattered clouds
497,Lumberton,US,34.6182,-79.0086,66.81,95,48,5.12,scattered clouds
498,Niquelandia,BR,-14.4739,-48.4597,61.48,63,5,2.39,clear sky
499,Mayo,US,38.8876,-76.5119,67.98,89,0,8.05,clear sky
500,North Bend,US,43.4065,-124.2243,51.85,94,0,3.44,clear sky
501,Killybegs,IE,54.6333,-8.45,58.71,78,92,6.93,overcast clouds
502,Chifeng,CN,42.2683,118.9636,72.57,25,66,5.46,broken clouds
503,Dukat,RU,62.55,155.55,48.47,39,100,12.26,overcast clouds
504,Chumikan,RU,54.7183,135.315,44.13,85,99,5.66,light rain
505,Ocara,BR,-4.4908,-38.5967,71.02,89,100,6.06,overcast clouds
506,Borogontsy,RU,62.6683,131.1683,82.54,32,98,4.59,overcast clouds
507,Sept-Iles,CA,50.2001,-66.3821,51.06,47,8,1.99,clear sky
508,Seoul,KR,37.5683,126.9778,74.59,40,85,5.03,overcast clouds
509,Atasu,KZ,48.6814,71.6433,84.02,22,10,11.77,clear sky
510,Berlevag,NO,70.8578,29.0864,44.55,76,100,8.05,overcast clouds
511,Le Port,RE,-20.9373,55.2919,80.6,53,99,2.08,overcast clouds
512,Ouango,CF,4.3133,22.5552,80.04,72,75,2.89,broken clouds
513,Quatre Cocos,MU,-20.2078,57.7625,77.09,71,45,10.96,scattered clouds
514,Porto Novo,BJ,6.4965,2.6036,83.3,66,100,5.66,overcast clouds
515,Tete,MZ,-16.1564,33.5867,75.29,50,75,12.66,broken clouds
516,Chacabuco,AR,-34.6417,-60.4739,45.86,72,64,5.77,broken clouds
517,Chalus,IR,36.655,51.4204,82.13,63,6,9.31,clear sky
518,Dabat,ET,12.9842,37.765,71.02,30,9,11.12,clear sky
519,Sabang,ID,5.8933,95.3214,83.3,72,100,10.54,overcast clouds
520,Malyye Derbety,RU,47.9547,44.6808,76.28,36,0,12.48,clear sky
521,Nagato,JP,34.3833,131.2,65.8,71,11,13.33,few clouds
522,Nador,MA,35.174,-2.9287,82.65,32,0,3.44,clear sky
523,Nieuwpoort,BE,51.1244,2.7735,61.18,77,75,9.22,broken clouds
524,Henties Bay,NA,-22.116,14.2845,76.23,27,0,28.88,clear sky
525,Bonthe,SL,7.5264,-12.505,77.94,83,69,4.59,light rain
526,Nikolsk,RU,53.7189,46.0712,60.53,67,27,19.66,scattered clouds
527,Lipin Bor,RU,60.2622,37.9763,56.37,51,98,8.86,overcast clouds
528,Suhut,TR,38.5311,30.5458,67.75,57,3,3.94,clear sky
529,Parkes,AU,-33.1333,148.1833,46.35,90,46,10.31,scattered clouds
530,Sobolevo,RU,54.4299,31.8996,65.32,65,100,4.07,overcast clouds
531,Kalmunai,LK,7.4167,81.8167,87.48,59,99,5.86,overcast clouds
532,Santa Barbara,US,34.7333,-120.0343,63.34,100,100,0.0,mist
533,Bahia Blanca,AR,-38.7196,-62.2724,53.69,55,37,14.65,scattered clouds
534,Saint-Georges,GD,12.0564,-61.7485,80.28,83,20,18.41,few clouds
535,Nebolchi,RU,59.1239,33.3454,63.05,39,38,5.57,scattered clouds
536,Sistranda,NO,63.7256,8.834,51.76,72,44,17.65,scattered clouds
537,Ulverstone,AU,-41.15,146.1667,43.75,74,9,16.02,clear sky
538,Deputatskiy,RU,69.3,139.9,56.86,27,0,17.25,clear sky
539,Fairbanks,US,64.8378,-147.7164,62.94,42,75,8.05,broken clouds
540,Shatalovo,RU,54.334,32.4465,64.71,65,100,2.66,overcast clouds
541,Narsaq,GL,60.9167,-46.05,44.82,85,99,3.94,overcast clouds
542,Lagoa,PT,39.05,-27.9833,64.81,91,88,21.99,overcast clouds
543,Yaan,NG,7.3833,8.5667,77.41,76,99,5.03,overcast clouds
544,Burnie,AU,-41.0667,145.9167,43.2,78,15,17.54,few clouds
545,Dabhol,IN,17.6,73.1667,88.09,61,72,10.54,broken clouds
546,Awjilah,LY,29.1081,21.2869,89.33,27,0,5.75,clear sky
547,Erzin,TR,36.9559,36.2,79.66,65,31,7.61,scattered clouds
548,Laurel,US,39.0993,-76.8483,66.49,89,20,0.0,few clouds
549,Cuamba,MZ,-14.8031,36.5372,69.66,64,94,8.14,overcast clouds
550,Zeya,RU,53.75,127.2667,71.35,58,99,2.75,overcast clouds
551,Aklavik,CA,68.2191,-135.0107,34.77,81,89,11.68,overcast clouds
552,Male,MV,4.1748,73.5089,82.22,74,94,8.63,overcast clouds
553,Maunabo,PR,18.0072,-65.8993,80.89,83,87,11.25,overcast clouds
554,Romanovskaya,RU,47.5426,42.0285,73.18,47,5,8.68,clear sky
555,Clyde River,CA,70.4692,-68.5914,34.39,82,98,3.27,overcast clouds
556,Myitkyina,MM,25.3833,97.4,87.75,73,88,4.47,light rain
557,Komsomolskiy,UZ,40.4272,71.7189,90.32,20,0,4.61,clear sky
558,Noyabrsk,RU,63.1994,75.4507,53.08,42,32,4.03,scattered clouds
559,Merauke,ID,-8.4667,140.3333,81.75,79,100,13.06,overcast clouds
560,Tselinnoye,RU,53.0833,85.6667,62.37,45,11,2.46,few clouds
561,Tias,ES,28.9611,-13.645,67.68,78,20,19.57,few clouds
562,Nogliki,RU,51.8333,143.1667,48.45,74,93,13.62,overcast clouds
563,Nyagan,RU,62.1406,65.3936,62.82,28,1,7.02,clear sky
564,Sinnamary,GF,5.3833,-52.95,74.62,92,100,4.65,overcast clouds
565,Puerto Leguizamo,CO,-0.1934,-74.7819,69.21,99,94,1.52,overcast clouds
566,Taywarah,AF,33.35,64.4167,73.47,10,0,4.97,clear sky
567,Kloulklubed,PW,7.0419,134.2556,81.1,72,97,10.31,overcast clouds
568,Mount Gambier,AU,-37.8333,140.7667,49.21,72,100,10.56,overcast clouds
569,Houma,US,29.5958,-90.7195,80.01,86,100,5.01,overcast clouds
570,Lerwick,GB,60.1545,-1.1494,50.0,76,92,17.52,overcast clouds
571,Grants,US,35.1473,-107.8514,71.83,24,0,19.57,clear sky
572,Toppenish,US,46.3774,-120.3087,57.72,56,0,3.78,clear sky
573,Hamilton,US,39.1834,-84.5333,66.88,97,100,0.0,overcast clouds
574,Pangkalanbuun,ID,-2.6833,111.6167,81.37,84,97,3.8,overcast clouds
575,Borovoy,RU,55.4333,86.0833,60.08,38,0,6.71,clear sky
576,Gao,ML,16.6362,1.637,92.52,29,11,6.64,few clouds
577,Barela,IN,23.1,80.05,107.69,9,33,9.19,scattered clouds
578,Midland,US,31.9974,-102.0779,81.32,42,0,4.61,clear sky
579,Sao Filipe,CV,14.8961,-24.4956,73.72,78,6,9.86,clear sky
580,Babu,CN,24.4167,111.5167,81.68,86,89,0.89,overcast clouds
581,Ankang,CN,32.68,109.0172,94.44,30,33,0.13,scattered clouds
582,Vestmannaeyjar,IS,63.4427,-20.2734,50.99,87,75,19.57,broken clouds
583,Jammalamadugu,IN,14.8333,78.4,99.16,33,69,13.8,broken clouds
584,Langfang,CN,39.5097,116.6947,84.92,23,0,9.24,clear sky
585,Milton,US,34.1322,-84.3007,69.89,94,84,3.69,broken clouds
586,Flin Flon,CA,54.7682,-101.865,48.51,51,84,5.21,broken clouds
587,Chumphon,TH,10.3333,98.8333,81.55,69,100,7.67,overcast clouds
588,Tiarei,PF,-17.5333,-149.3333,75.22,77,20,17.4,few clouds
589,Itarema,BR,-2.9248,-39.9167,72.88,92,99,7.49,overcast clouds
590,Tungor,RU,53.3808,142.9564,50.45,73,49,10.4,scattered clouds
591,Nyurba,RU,63.2842,118.3319,72.34,40,3,2.95,clear sky
592,Ancud,CL,-41.8697,-73.8203,47.64,93,95,3.33,overcast clouds
593,Varzea Alegre,BR,-5.35,-40.3833,72.14,74,95,6.69,overcast clouds
594,Balykshi,KZ,47.0667,51.8667,77.0,33,0,17.9,clear sky
595,Springbok,ZA,-29.6643,17.8865,63.18,29,0,16.89,clear sky
596,Markovo,RU,57.3206,107.0881,48.94,80,100,10.38,light rain
597,Hualmay,PE,-11.0964,-77.6139,62.85,86,95,4.03,overcast clouds
598,Vaitape,PF,-16.5167,-151.75,79.95,74,52,14.54,light rain
599,Batagay-Alyta,RU,67.8006,130.4114,73.67,27,100,6.49,overcast clouds
600,Viedma,AR,-40.8135,-62.9967,55.53,48,100,11.92,overcast clouds
601,Belomorsk,RU,64.5232,34.7668,58.71,51,22,3.69,few clouds
602,Ojinaga,MX,29.5667,-104.4167,81.55,19,0,9.22,clear sky
603,Segamat,MY,2.5148,102.8158,87.49,64,100,2.86,overcast clouds
604,Antofagasta,CL,-23.65,-70.4,58.28,77,11,6.38,few clouds
605,Cockburn Town,TC,21.4612,-71.1419,80.24,88,100,19.89,overcast clouds
606,Chaplynka,UA,46.3651,33.5403,77.05,38,50,12.5,scattered clouds
607,Celestun,MX,20.8667,-90.4,79.39,82,91,10.09,overcast clouds
608,Luena,AO,-11.7833,19.9167,64.13,43,17,9.01,few clouds
609,Kenai,US,60.5544,-151.2583,56.03,85,75,10.36,broken clouds
610,Nioro,GM,13.35,-15.75,79.57,56,90,6.58,overcast clouds
611,Carballo,ES,43.213,-8.691,65.55,80,94,6.11,overcast clouds
612,Tricase,IT,39.9304,18.3553,83.32,55,99,9.78,overcast clouds
613,Coxim,BR,-18.5067,-54.76,74.71,50,90,2.66,overcast clouds
614,Keshorai Patan,IN,25.3,75.9333,108.64,10,5,10.49,clear sky
615,Kutum,SD,14.2,24.6667,88.2,12,4,17.9,clear sky
616,Wolgast,DE,54.05,13.7667,66.85,71,10,10.54,clear sky
617,Kyzyl-Suu,KG,42.3414,78.0056,64.02,52,3,5.19,clear sky
618,Makinsk,KZ,52.6292,70.4169,75.34,37,99,10.71,overcast clouds
619,Siguiri,GN,11.6667,-9.5,81.19,57,91,4.27,overcast clouds
620,Juneau,US,58.3019,-134.4197,53.22,94,100,11.5,light rain
621,Boguchany,RU,58.3814,97.4531,43.14,91,100,6.49,overcast clouds
622,Vadso,NO,70.0744,29.7487,47.28,81,100,9.22,light intensity drizzle rain
623,Keetmanshoop,NA,-26.5833,18.1333,61.05,34,0,15.19,clear sky
624,Opuwo,NA,-18.0607,13.84,62.02,36,3,18.5,clear sky
625,Marsa Matruh,EG,31.3525,27.2453,81.77,58,0,9.82,clear sky
626,Taltal,CL,-25.4,-70.4833,60.44,73,0,1.59,clear sky
627,Medea,DZ,36.2642,2.7539,76.03,39,6,3.42,clear sky
628,Acapulco,MX,16.8634,-99.8901,80.42,78,75,2.3,broken clouds
629,Tezu,IN,27.9167,96.1667,84.02,72,87,1.5,overcast clouds
630,Daru,PG,-9.0763,143.2092,80.29,82,54,8.19,broken clouds
631,Los Zacatones,MX,22.95,-102.05,67.33,44,61,1.59,broken clouds
632,Nong Kung Si,TH,16.65,103.3,90.82,99,100,6.44,overcast clouds
633,Tarbagatay,RU,51.4803,107.3602,49.53,67,100,10.4,overcast clouds
634,Arlit,NE,18.7369,7.3853,92.46,21,79,6.17,broken clouds
635,Gizo,SB,-8.103,156.8419,83.52,74,79,9.69,broken clouds
636,Qasigiannguit,GL,68.8193,-51.1922,35.85,71,12,2.98,few clouds
637,Todos Santos,MX,23.45,-110.2167,66.99,83,29,5.82,scattered clouds
638,Sur,OM,22.5667,59.5289,98.53,34,0,2.24,clear sky
639,Iracoubo,GF,5.4802,-53.2011,73.69,94,100,3.85,overcast clouds
640,Hay River,CA,60.8156,-115.7999,53.83,55,50,7.9,scattered clouds
641,Mount Isa,AU,-20.7333,139.5,67.77,34,2,12.66,clear sky
642,Tetiz,MX,20.9667,-89.9333,79.09,87,100,5.44,overcast clouds
643,Santa Cruz Del Sur,CU,20.7147,-77.9956,78.55,82,29,5.93,scattered clouds
644,Macherla,IN,16.4833,79.4333,106.09,24,15,10.92,few clouds
645,Ixtapa,MX,20.7,-105.2,78.03,78,100,4.61,overcast clouds
646,Begowal,IN,31.6167,75.5167,114.84,6,6,8.1,clear sky
647,Anadyr,RU,64.75,177.4833,45.1,81,75,4.47,broken clouds
648,Pitimbu,BR,-7.4706,-34.8086,72.19,86,100,4.99,overcast clouds
649,Kajaani,FI,64.2273,27.7285,60.85,44,0,11.5,clear sky
650,Bolekhiv,UA,49.0661,23.8643,67.42,70,100,3.06,overcast clouds
651,Trinidad,BO,-14.8333,-64.9,69.48,81,9,2.42,clear sky
652,Siniscola,IT,40.5719,9.6922,81.95,35,92,6.35,overcast clouds
653,Vardo,NO,70.3705,31.1107,42.78,93,75,14.97,light intensity shower rain
654,Ulma,DE,48.3984,9.9916,60.57,91,94,5.82,overcast clouds
655,Tadine,NC,-21.55,167.8833,72.55,81,39,6.62,scattered clouds
656,Sakaraha,MG,-22.9,44.5333,76.5,46,5,5.23,clear sky
657,La Rioja,ES,42.25,-2.5,60.58,68,48,4.83,scattered clouds
658,Dillon,US,34.4166,-79.3712,66.45,93,61,4.94,broken clouds
659,Ormara,PK,25.2088,64.6357,83.5,77,0,18.3,clear sky
660,Jacareacanga,BR,-6.2222,-57.7528,69.28,99,82,1.45,broken clouds
661,Umm Kaddadah,SD,13.6017,26.6876,97.12,10,90,15.59,overcast clouds
662,Thinadhoo,MV,0.5333,72.9333,82.9,67,94,4.16,overcast clouds
663,Yarega,RU,63.4354,53.5765,68.9,29,80,8.61,broken clouds
664,Minot,US,48.2325,-101.2963,50.81,81,0,0.0,clear sky
665,Pemangkat,ID,1.1667,108.9667,85.41,68,66,8.57,heavy intensity rain
666,Abu Samrah,SY,35.3029,37.1841,83.07,38,0,9.98,clear sky
667,West Lafayette,US,40.4259,-86.9081,68.11,93,100,6.91,overcast clouds
668,Bilma,NE,18.6853,12.9164,94.89,13,88,17.43,overcast clouds
669,Rio Gallegos,AR,-51.6226,-69.2181,39.25,56,0,10.36,clear sky
670,Sao Miguel Do Araguaia,BR,-13.275,-50.1628,64.92,64,0,2.75,clear sky
671,Lyuban,BY,52.7985,28.0048,70.36,66,100,7.14,overcast clouds
672,Kamaishi,JP,39.2667,141.8833,52.45,95,100,9.98,light rain
673,Olinda,BR,-8.0089,-34.8553,71.33,100,100,2.3,light rain
674,Akyab,MM,20.15,92.9,85.15,71,100,8.16,overcast clouds
675,Chabahar,IR,25.2919,60.643,87.15,63,0,13.38,clear sky
676,Lexington Park,US,38.2668,-76.4538,71.28,89,0,4.61,clear sky
677,Gilbues,BR,-9.8317,-45.3439,64.29,63,43,4.94,scattered clouds
678,Padang,ID,-0.9492,100.3543,87.85,77,100,5.66,overcast clouds
679,Amacuzac,MX,18.5833,-99.35,79.56,87,91,2.53,overcast clouds
680,Minggang,CN,32.4586,114.0486,92.17,32,3,9.46,clear sky
681,Mana,GF,5.6592,-53.7767,73.78,93,99,3.36,overcast clouds
682,Gorontalo,ID,0.5412,123.0595,82.44,82,72,2.91,broken clouds
683,Tonj,SS,7.2737,28.6822,89.1,43,17,6.2,few clouds
684,Roxana,CR,10.2753,-83.7513,77.04,97,73,2.17,broken clouds
685,Mackay,AU,-21.15,149.2,71.69,78,100,6.89,overcast clouds
686,Gravdal,NO,68.1214,13.5031,40.89,81,75,16.11,broken clouds
687,Aquiraz,BR,-3.9014,-38.3911,75.29,92,99,10.89,overcast clouds
688,Nadym,RU,65.5333,72.5167,62.85,31,15,17.29,few clouds
689,Rosarito,MX,32.3333,-117.0333,64.42,86,38,2.82,scattered clouds
690,Rimbey,CA,52.6334,-114.2353,49.23,99,100,4.21,light rain
691,Boende,CD,-0.2167,20.8667,80.35,61,92,2.01,overcast clouds
692,Rocha,UY,-34.4833,-54.3333,44.51,85,19,3.13,few clouds
693,Dingle,PH,10.9995,122.6711,86.23,69,45,5.7,scattered clouds
